id,probability
116,0.8177121
19,0.44575992
23,0.3342113
11,0.42298275
99,0.38609836
58,0.34677234
104,0.4592987
82,0.5437039
15,0.33645314
112,0.31433216
52,0.17026135
102,0.772136
78,0.9500403
60,0.16240236
86,0.9496514
21,0.30563295
24,0.3987422
61,0.1472773
39,0.53239554
94,0.32638866
