ID,Predicted Probability
61,0.10447085
60,0.16334012
102,0.5999414
104,0.29244268
15,0.62239474
11,0.44742098
122,0.450216
52,0.32599837
39,0.39114356
116,0.17109382
21,0.23730257
83,0.21355475
86,0.9819289
36,0.035686404
112,0.32693097
19,0.26803395
40,0.37482184
58,0.786118
23,0.5186055
78,0.9858939
94,0.6313641
99,0.41094258
24,0.3022433
82,0.9030821
53,0.13801077
76,0.8672109
