accuracy,auc,loss,precision,recall,val_accuracy,val_auc,val_loss,val_precision,val_recall
0.4268292784690857,0.35675838589668274,0.7526458501815796,0.23529411852359772,0.10526315867900848,0.5,0.6599999666213989,0.7055968046188354,0.0,0.0
0.5609756112098694,0.5137559771537781,0.7060801386833191,0.5555555820465088,0.2631579041481018,0.6000000238418579,0.6799999475479126,0.6995676159858704,1.0,0.20000000298023224
0.5853658318519592,0.5361841917037964,0.6959341764450073,0.5769230723381042,0.3947368562221527,0.6499999761581421,0.684999942779541,0.6979056596755981,1.0,0.30000001192092896
0.5487805008888245,0.4796651005744934,0.7133709192276001,0.5185185074806213,0.3684210479259491,0.75,0.7049999833106995,0.6971069574356079,0.8571428656578064,0.6000000238418579
0.5487805008888245,0.5313994884490967,0.6956748366355896,0.5199999809265137,0.34210526943206787,0.699999988079071,0.6899999976158142,0.6967037320137024,0.75,0.6000000238418579
0.6707317233085632,0.7452152967453003,0.6508505940437317,0.6486486196517944,0.6315789222717285,0.6000000238418579,0.6950000524520874,0.6954118609428406,0.6000000238418579,0.6000000238418579
0.6463414430618286,0.6719497442245483,0.6637411117553711,0.6363636255264282,0.5526315569877625,0.6499999761581421,0.699999988079071,0.6942640542984009,0.6153846383094788,0.800000011920929
0.5487805008888245,0.5550239086151123,0.6941550374031067,0.5135135054588318,0.5,0.6499999761581421,0.675000011920929,0.6934239268302917,0.6153846383094788,0.800000011920929
0.6219512224197388,0.6692583560943604,0.6659005880355835,0.5853658318519592,0.6315789222717285,0.6000000238418579,0.6699999570846558,0.6930897235870361,0.5714285969734192,0.800000011920929
