accuracy,auc,loss,precision,recall,val_accuracy,val_auc,val_loss,val_precision,val_recall
0.5365853905677795,0.5611210465431213,0.6918190121650696,0.523809552192688,0.28205129504203796,0.699999988079071,0.7727273106575012,0.6756221055984497,0.800000011920929,0.4444444477558136
0.5487805008888245,0.5450208187103271,0.6948745250701904,0.5384615659713745,0.3589743673801422,0.75,0.7979797720909119,0.6753498911857605,0.8333333134651184,0.5555555820465088
0.5121951103210449,0.5802026987075806,0.6873834729194641,0.48275861144065857,0.3589743673801422,0.75,0.732323169708252,0.676138699054718,0.75,0.6666666865348816
0.5853658318519592,0.6562314033508301,0.6734702587127686,0.5675675868988037,0.5384615659713745,0.75,0.7424242496490479,0.6737056374549866,0.8333333134651184,0.5555555820465088
0.5243902206420898,0.5548598766326904,0.6879282593727112,0.5,0.43589743971824646,0.699999988079071,0.7222222089767456,0.6723624467849731,0.800000011920929,0.4444444477558136
0.5609756112098694,0.6299940347671509,0.6818976402282715,0.5555555820465088,0.38461539149284363,0.699999988079071,0.7020202279090881,0.6710080504417419,0.800000011920929,0.4444444477558136
0.5975610017776489,0.7096004486083984,0.6627760529518127,0.6071428656578064,0.43589743971824646,0.75,0.6717171669006348,0.6694758534431458,1.0,0.4444444477558136
