accuracy,auc,loss,precision,recall,val_accuracy,val_auc,val_loss,val_precision,val_recall
0.5121951103210449,0.5047847032546997,0.7008765339851379,0.44999998807907104,0.2368421107530594,0.44999998807907104,0.7150000333786011,0.6895455121994019,0.0,0.0
0.5487805008888245,0.529904305934906,0.6963571310043335,0.5185185074806213,0.3684210479259491,0.44999998807907104,0.7049999833106995,0.6880781650543213,0.0,0.0
0.5243902206420898,0.5541267991065979,0.6942825317382812,0.46666666865348816,0.18421052396297455,0.5,0.6949999332427979,0.6858012080192566,0.5,0.10000000149011612
0.6097561120986938,0.6677631139755249,0.6699777245521545,0.6666666865348816,0.31578946113586426,0.6000000238418579,0.6949999928474426,0.6823734045028687,0.75,0.30000001192092896
0.6219512224197388,0.6555023789405823,0.6699272394180298,0.5853658318519592,0.6315789222717285,0.6000000238418579,0.6800000071525574,0.6804706454277039,0.6666666865348816,0.4000000059604645
0.6097561120986938,0.6725478172302246,0.6632406711578369,0.6071428656578064,0.44736841320991516,0.550000011920929,0.6649999618530273,0.6785982251167297,0.6000000238418579,0.30000001192092896
