accuracy,auc,loss,precision,recall,val_accuracy,val_auc,val_loss,val_precision,val_recall
0.5243902206420898,0.5676804184913635,0.6880449056625366,0.5,0.8461538553237915,0.44999998807907104,0.6363636255264282,0.6832931637763977,0.4285714328289032,0.6666666865348816
0.5975610017776489,0.6431126594543457,0.670124888420105,0.5600000023841858,0.7179487347602844,0.6000000238418579,0.6111111044883728,0.6696369051933289,0.5714285969734192,0.4444444477558136
0.5731707215309143,0.6273106336593628,0.6669119596481323,0.5476190447807312,0.5897436141967773,0.6000000238418579,0.5808080434799194,0.6644800901412964,0.6666666865348816,0.2222222238779068
0.5975610017776489,0.6878353953361511,0.6523789167404175,0.5600000023841858,0.7179487347602844,0.6000000238418579,0.5454545021057129,0.6623255014419556,0.6000000238418579,0.3333333432674408
0.5853658318519592,0.6577221155166626,0.6501975655555725,0.5757575631141663,0.4871794879436493,0.6000000238418579,0.560606062412262,0.6558921337127686,0.6666666865348816,0.2222222238779068
0.5975610017776489,0.6472868323326111,0.6442848443984985,0.5789473652839661,0.5641025900840759,0.6499999761581421,0.6262626051902771,0.6512044668197632,0.75,0.3333333432674408
