accuracy,auc,loss,precision,recall,val_accuracy,val_auc,val_loss,val_precision,val_recall
0.4691357910633087,0.5073439478874207,0.7031657099723816,0.44897958636283875,0.5789473652839661,0.4285714328289032,0.6454545259475708,0.6943117380142212,0.44999998807907104,0.8999999761581421
0.5432098507881165,0.5627294778823853,0.6963880062103271,0.5076923370361328,0.8684210777282715,0.4285714328289032,0.7272726893424988,0.6841055750846863,0.44999998807907104,0.8999999761581421
0.5061728358268738,0.5783354043960571,0.6839222311973572,0.48148149251937866,0.6842105388641357,0.7142857313156128,0.7727272510528564,0.6606270670890808,0.6666666865348816,0.800000011920929
0.5802469253540039,0.6025092005729675,0.6774134039878845,0.5526315569877625,0.5526315569877625,0.7142857313156128,0.7727272510528564,0.6496092677116394,0.8333333134651184,0.5
0.654321014881134,0.7022643685340881,0.6522718667984009,0.6785714030265808,0.5,0.7142857313156128,0.7636363506317139,0.6391897797584534,0.8333333134651184,0.5
0.5185185074806213,0.6392289400100708,0.6629433631896973,0.4848484992980957,0.42105263471603394,0.6666666865348816,0.7590909004211426,0.630466878414154,0.6666666865348816,0.6000000238418579
0.6666666865348816,0.7487760186195374,0.6259150505065918,0.6279069781303406,0.7105262875556946,0.7142857313156128,0.7454545497894287,0.6256914734840393,0.6666666865348816,0.800000011920929
0.6172839403152466,0.7493879795074463,0.6202282309532166,0.5744680762290955,0.7105262875556946,0.6666666865348816,0.7590909004211426,0.6201483011245728,0.6153846383094788,0.800000011920929
