accuracy,auc,loss,precision,recall,val_accuracy,val_auc,val_loss,val_precision,val_recall
0.45121949911117554,0.43142518401145935,0.7187593579292297,0.40625,0.3333333432674408,0.699999988079071,0.7222222089767456,0.6747050881385803,0.6666666865348816,0.6666666865348816
0.5853658318519592,0.593917727470398,0.6898841857910156,0.5862069129943848,0.43589743971824646,0.6000000238418579,0.7222222089767456,0.665309727191925,0.5714285969734192,0.4444444477558136
0.6097561120986938,0.6171735525131226,0.6700528860092163,0.5945945978164673,0.5641025900840759,0.6000000238418579,0.7171716690063477,0.6639765501022339,0.5384615659713745,0.7777777910232544
0.6707317233085632,0.6753131151199341,0.6647987961769104,0.625,0.7692307829856873,0.6499999761581421,0.7222222089767456,0.6578544974327087,0.6000000238418579,0.6666666865348816
0.6951219439506531,0.7841383218765259,0.6251200437545776,0.6590909361839294,0.7435897588729858,0.6000000238418579,0.7070707082748413,0.6453889012336731,0.5714285969734192,0.4444444477558136
0.5853658318519592,0.6311866641044617,0.6691781878471375,0.5609756112098694,0.5897436141967773,0.699999988079071,0.7222222089767456,0.6371526122093201,0.800000011920929,0.4444444477558136
