accuracy,auc,loss,precision,recall,val_accuracy,val_auc,val_loss,val_precision,val_recall
0.5609756112098694,0.5014907717704773,0.7038583159446716,0.5600000023841858,0.3589743673801422,0.6499999761581421,0.575757622718811,0.6894615888595581,0.75,0.3333333432674408
0.5365853905677795,0.5423375368118286,0.6995217204093933,0.5161290168762207,0.41025641560554504,0.6499999761581421,0.6464646458625793,0.6813067197799683,0.5833333134651184,0.7777777910232544
0.5,0.5089445114135742,0.6944038271903992,0.4761904776096344,0.5128205418586731,0.6499999761581421,0.7121212482452393,0.6728865504264832,0.6000000238418579,0.6666666865348816
0.6341463327407837,0.694096565246582,0.6630045175552368,0.6000000238418579,0.692307710647583,0.8500000238418579,0.7676767110824585,0.6652988195419312,0.800000011920929,0.8888888955116272
0.6219512224197388,0.6714370846748352,0.6553440690040588,0.5909090638160706,0.6666666865348816,0.75,0.7474747896194458,0.6586137413978577,0.75,0.6666666865348816
0.5975610017776489,0.655933141708374,0.6640852093696594,0.5652173757553101,0.6666666865348816,0.6000000238418579,0.732323169708252,0.6582765579223633,0.5454545617103577,0.6666666865348816
0.6585366129875183,0.7573046684265137,0.6416207551956177,0.6037735939025879,0.8205128312110901,0.6499999761581421,0.7020201683044434,0.663019597530365,0.5714285969734192,0.8888888955116272
0.6097561120986938,0.6824687123298645,0.658108115196228,0.5660377144813538,0.7692307829856873,0.6499999761581421,0.7121211886405945,0.6505578756332397,0.6000000238418579,0.6666666865348816
0.7195122241973877,0.7957662343978882,0.613835871219635,0.7222222089767456,0.6666666865348816,0.6000000238418579,0.7222222089767456,0.6323703527450562,0.6000000238418579,0.3333333432674408
