accuracy,auc,loss,precision,recall,val_accuracy,val_auc,val_loss,val_precision,val_recall
0.5975610017776489,0.5998803973197937,0.6822962760925293,0.5675675868988037,0.5526315569877625,0.699999988079071,0.7099999785423279,0.6744180917739868,0.6666666865348816,0.800000011920929
0.6463414430618286,0.6543062329292297,0.6629514098167419,0.5918367505073547,0.7631579041481018,0.6499999761581421,0.8100000023841858,0.6660137176513672,0.6153846383094788,0.800000011920929
0.5731707215309143,0.6492224931716919,0.6666055917739868,0.529411792755127,0.7105262875556946,0.699999988079071,0.8949999809265137,0.6580546498298645,0.6666666865348816,0.800000011920929
0.5609756112098694,0.654904305934906,0.6590211987495422,0.5263158082962036,0.5263158082962036,0.800000011920929,0.8949999809265137,0.6521481275558472,0.875,0.699999988079071
0.6341463327407837,0.7347488403320312,0.6326842904090881,0.5909090638160706,0.6842105388641357,0.800000011920929,0.8849999904632568,0.6440489888191223,0.75,0.8999999761581421
0.6463414430618286,0.7407296895980835,0.6235697865486145,0.6097561120986938,0.6578947305679321,0.800000011920929,0.8700000047683716,0.6374824643135071,0.800000011920929,0.800000011920929
0.6707317233085632,0.7455143928527832,0.62615567445755,0.6486486196517944,0.6315789222717285,0.8500000238418579,0.8600000143051147,0.6328144073486328,0.8181818127632141,0.8999999761581421
0.6463414430618286,0.7141148447990417,0.627974271774292,0.6363636255264282,0.5526315569877625,0.75,0.8649999499320984,0.6277074813842773,0.8571428656578064,0.6000000238418579
